First Name,Total
Manuel,21
Tony,21
Caleb,19
Marvin,18
Bob,18
Cedrick,18
Maxwell,18
Rick,18
Daron,18
Jayden,18
Joseph,17
Mark,17
Ryan,17
Alexander,16
Liam,16
Johnathan,16
Jacob,16
Harvey,16
Fred,16
Domenic,16
Ron,16
Roger,16
Tom,16
Gil,16
Nate,16
Jack,16
Johnny,15
Enoch,15
Rocco,15
Mason,15
Harry,15
Julian,15
William,14
Carl,14
Chadwick,14
Lucas,14
Alan,14
Denis,14
Barney,14
Daniel,14
George,13
Bart,13
Leroy,13
Chad,12
Anthony,12
Ethan,12
Oliver,12
Peter,12
Logan,12
Julius,12
Brad,12
Javier,12
Chuck,12
Percy,12
Benjamin,12
Rufus,12
Tyson,12
Nick,12
Erick,12
John,12
Mike,12
Benny,12
Chester,11
Barry,11
Wade,11
Doug,11
Nicholas,11
Boris,11
Eduardo,11
Tyler,11
Michael,11
Danny,11
Phillip,10
Ramon,10
Owen,10
Gabriel,10
Luke,10
Lillian,10
Matthew,10
Aiden,9
Chris,9
Summer,9
Russel,9
Elijah,9
Mavis,9
Kieth,9
Abdul,9
Nathan,9
Hank,9
Amelia,9
Bryon,9
David,9
Sylvia,9
Thea,8
Hayden,8
Robyn,8
Mona,8
Sebastian,8
Matt,8
Henry,8
Carter,8
Caitlyn,8
Gemma,8
Martin,8
Kurt,7
Camila,7
Valerie,7
Karla,7
Adalie,7
Bree,7
Rebecca,7
Quinn,7
Leslie,7
Ronald,7
Jane,7
Candice,7
Clint,7
Livia,7
Erin,7
Rylee,7
Denny,7
Angelica,7
Josh,7
Isla,6
Meredith,6
Stacy,6
Ruby,6
Selena,6
Joyce,6
Charlize,6
Charlotte,6
Mya,6
Lorraine,6
Anabel,6
Callie,6
Vera,6
Ellen,6
Louise,6
Judith,6
Alba,6
Rae,6
Tara,6
Valentina,6
Liv,6
Isabel,6
Moira,6
Lauren,6
Erica,6
Olivia,6
Chloe,5
Jenna,5
Scarlett,5
Molly,5
Kendra,5
Carina,5
Sloane,5
Celia,5
Caydence,5
Gwenyth,5
Aurelia,5
Jacqueline,5
Isabella,5
Macy,5
Nina,5
Zara,5
Claire,5
Hope,5
Madelyn,5
Mackenzie,5
Ember,5
Natalie,5
Belinda,5
Anais,5
Adeline,5
Bryce,5
Emery,5
Gloria,5
Parker,5
Amy,5
Harmony,5
Holly,5
Miley,5
Maria,5
Elena,5
Angela,5
Sadie,5
Evie,5
Sabina,5
Andrea,5
Helen,5
Freya,5
Christy,5
Angelina,5
Elise,5
Vivian,5
Madison,5
Emmanuelle,5
Ivy,5
Analise,5
Alex,5
Eden,5
Mabel,5
Marie,5
Monica,4
Courtney,4
Angel,4
Mara,4
Noah,4
Chanelle,4
Phoebe,4
Camellia,4
Jennifer,4
Mary,4
Andie,4
Luna,4
Tess,4
Marjorie,4
Kirsten,4
Jolene,4
Willow,4
Kimberly,4
Aeris,4
Margot,4
Adelaide,4
Adalind,4
Nancy,4
Celina,4
Beatrice,4
Marigold,4
Priscilla,4
Lily,4
Chelsea,4
Cristal,4
Aisha,4
Hadley,4
Alexa,4
Piper,4
Jamie,4
Cherish,4
Emma,4
Sienna,4
Crystal,4
Elle,4
Esmeralda,4
Greta,4
Goldie,4
Lynn,4
Audrey,4
Ally,4
Mayleen,4
Norah,4
Hannah,4
Julia,4
Georgia,4
Cassidy,3
Cara,3
Cecilia,3
Harriet,3
Makena,3
Morgan,3
Mandy,3
Laila,3
Dasha,3
Felicity,3
Janice,3
Doris,3
Maggie,3
Rachael,3
Melania,3
Melody,3
Renee,3
Leah,3
Josephine,3
Rose,3
Samara,3
Daria,3
Sofie,3
Alma,3
Rita,3
Havana,3
Paula,3
Abbey,3
Penny,3
Samantha,3
Remy,3
Carissa,3
Teagan,3
Rosa,3
Peyton,3
Marla,3
Marilyn,3
Alice,3
Cassandra,3
Hailey,3
Davina,3
Savannah,3
Ilona,3
Ruth,3
Darlene,3
Daphne,3
Karen,3
Tiffany,3
Melinda,3
Rosalyn,3
Joy,3
Leilani,3
Carolyn,3
Blake,3
Cynthia,3
Diane,3
Alessia,3
Ada,3
Payton,3
Dakota,3
Bristol,3
Sonya,3
Carol,3
Colleen,3
Michaela,3
Fiona,3
Allison,3
Victoria,3
Emely,3
Brooklyn,3
Deborah,3
Adela,3
Emerald,3
Irene,3
Carrie,3
Camden,3
Makenzie,3
Winnie,3
Jessica,3
Francesca,3
Penelope,3
Eryn,3
Trisha,3
Melanie,3
Marina,3
Eve,3
Bernadette,3
Maya,2
Alessandra,2
Lexi,2
Rosalie,2
Sydney,2
Alison,2
Angelique,2
Julianna,2
Mina,2
Violet,2
Juliet,2
Juliette,2
Leanne,2
Gladys,2
Nicole,2
Danielle,2
Kassandra,2
Sarah,2
Hanna,2
Jocelyn,2
Stephanie,2
Jules,2
Rihanna,2
Jade,2
Dorothy,2
Destiny,2
Janelle,2
Skylar,2
Dalia,2
Cadence,2
Raquel,2
Maddison,2
Candace,2
Wendy,2
Lara,2
Keira,2
Cameron,2
Michelle,2
Drew,2
Jasmine,2
Agnes,2
Marissa,2
Tania,2
Stella,2
Jackeline,2
Rosemary,2
Shelby,2
Kaylee,2
Florence,2
Gina,2
Britney,2
Iris,2
Elly,2
Katelyn,2
Jaylene,2
Ema,2
Dani,2
Anne,2
Adina,2
Hazel,2
Carla,2
Lana,2
Lucy,1
Estrella,1
Sasha,1
Noemi,1
Naomi,1
Liliana,1
Maia,1
Evelynn,1
Maribel,1
Gwen,1
Sabrina,1
Margaret,1
Sage,1
Vanessa,1
Bridget,1
Shay,1
Ivette,1
Eileen,1
Elisabeth,1
Christine,1
Sara,1
Carmen,1
Clarissa,1
Alexia,1
Zoe,1
Kate,1
Bethany,1
Jazmin,1
Sofia,1
Catherine,1
Kamila,1
Rowan,1
Aileen,1
Grace,1
Anabelle,1
Aleksandra,1
Carmella,1
Megan,1
Rosalee,1
Martha,1
Susan,1
Paige,1
Taylor,1